{"cameraMode":{"drawMode":0,"name":"Shaded","section":"Shading Mode"},"sceneLighting":false,"audioPlay":false,"sceneViewState":{"showFog":true,"showMaterialUpdate":false,"showSkybox":false,"showFlares":true,"showImageEffects":true,"showParticleSystems":true},"in2DMode":false,"pivot":{"x":-2.145505666732788,"y":0.8154680728912354,"z":19.909711837768556},"rotation":{"x":0.31599318981170657,"y":0.2590234875679016,"z":-0.09011434763669968,"w":0.9082639217376709},"size":2.5365726947784426,"orthographic":false}