{"cameraMode":{"drawMode":0,"name":"Shaded","section":"Shading Mode"},"sceneLighting":false,"audioPlay":false,"sceneViewState":{"showFog":true,"showMaterialUpdate":true,"showSkybox":false,"showFlares":true,"showImageEffects":true,"showParticleSystems":true},"in2DMode":false,"pivot":{"x":0.18747347593307496,"y":-0.27660730481147768,"z":0.0159948468208313},"rotation":{"x":-0.0873480886220932,"y":-0.886572003364563,"z":0.18803836405277253,"w":-0.41398096084594729},"size":0.6695643663406372,"orthographic":false}