{"cameraMode":{"drawMode":0,"name":"Shaded","section":"Shading Mode"},"sceneLighting":true,"audioPlay":false,"sceneViewState":{"showFog":true,"showMaterialUpdate":true,"showSkybox":true,"showFlares":true,"showImageEffects":true,"showParticleSystems":true},"in2DMode":false,"pivot":{"x":30.083173751831056,"y":6.138592720031738,"z":23.409591674804689},"rotation":{"x":-0.06954341381788254,"y":-0.9188253283500671,"z":0.1890777200460434,"w":-0.3399317264556885},"size":18.566669464111329,"orthographic":false}